<?xml version="1.0" encoding="UTF-8"?>
<project-private xmlns="http://www.netbeans.org/ns/project-private/1">
    <editor-bookmarks xmlns="http://www.netbeans.org/ns/editor-bookmarks/2" lastBookmarkId="0"/>
    <open-files xmlns="http://www.netbeans.org/ns/projectui-open-files/2">
        <group>
            <file>file:/D:/Programmation/LEE/mediatheque%20sc/mediatheque%20sc-war/web/WEB-INF/pages/header.jsp</file>
            <file>file:/D:/Programmation/LEE/mediatheque%20sc/mediatheque%20sc-war/web/WEB-INF/pages/retourEmprunt.jsp</file>
        </group>
    </open-files>
</project-private>
